time,name
00:00,01.Snow Lights
01:59,02.Snow Parade
04:26,03.Frosty Groove
06:19,04.Holiday Lights
08:19,05.Midnight Carnival
09:52,06.Snow Taxi
11:27,07.Urban Ice Dance
13:11,08.Kiss in the Snow
15:29,09.Shibuya Snow Scene
17:51,10.White Avenue
21:26,11.Cold Hands, Warm Heart
23:30,12.Winter Crossing
25:45,13.Snow Melody
28:08,14.Under the Streetlight
30:26,15.Frozen Love
32:39,16.Winter Window
35:11,17.Snowfall Whisper
36:48,18.Parallel Hearts
38:54,19.Silent Train
41:08,20.Midwinter Glow
43:13,21.Lost in White
45:05,22.Frozen Streets
47:27,23.Winter Echo
50:00,24.Silver Skyline
52:09,25.Footprints
54:06,26.Snow Glow
56:10,27.White Silence
58:01,28.Snowy Street Caf√©
59:51,29.Tokyo Drift Snow
1:01:58,30.Snow Magic Tokyo
1:04:30,31.Blue Glow
1:06:40,32.Crystal Night